<?xml version="1.0" encoding="UTF-8"?>
<!DOCTYPE fontscolors PUBLIC "-//NetBeans//DTD Editor Fonts and Colors settings 1.1//EN" "http://www.netbeans.org/dtds/EditorFontsColors-1_1.dtd">
<fontscolors>
    <fontcolor default="constant" foreColor="red" name="constant">
        <font style="italic"/>
    </fontcolor>
    <fontcolor default="string" foreColor="ff86a44e" name="string"/>
    <fontcolor name="mod-class">
        <font style="bold"/>
    </fontcolor>
    <fontcolor name="mod-unused" waveUnderlined="ff999999"/>
    <fontcolor default="operator" foreColor="ffcf8a40" name="operator"/>
    <fontcolor default="number" foreColor="magenta" name="number"/>
    <fontcolor default="separator" foreColor="white" name="phpopenclose">
        <font style="bold"/>
    </fontcolor>
    <fontcolor name="mod-deprecated" strikeThrough="black"/>
    <fontcolor default="method" name="mod-custom1"/>
    <fontcolor default="comment" name="mod-annotation-type">
        <font style="bold"/>
    </fontcolor>
    <fontcolor default="inferred" name="inferred"/>
    <fontcolor default="comment" name="phpdockeyword">
        <font style="bold"/>
    </fontcolor>
    <fontcolor default="keyword" foreColor="ffd78b41" name="keyword"/>
    <fontcolor default="identifier" foreColor="fff0ce7c" name="identifier"/>
    <fontcolor default="field" name="mod-field"/>
    <fontcolor default="comment" foreColor="ff9999ff" name="htmltag">
        <font style="bold"/>
    </fontcolor>
    <fontcolor default="method" foreColor="ffe4e4e4" name="mod-method">
        <font style="bold"/>
    </fontcolor>
    <fontcolor default="separator" name="separator"/>
    <fontcolor foreColor="ff6c3d03" name="heredocdelimiter"/>
    <fontcolor default="uncovered" name="uncovered"/>
    <fontcolor foreColor="ff72a8ca" name="mod-static">
        <font style="italic"/>
    </fontcolor>
    <fontcolor default="covered" name="covered"/>
    <fontcolor foreColor="ffa82cc5" name="variable"/>
    <fontcolor default="comment" name="comment"/>
    <fontcolor default="partial" name="partial"/>
    <fontcolor default="comment" name="commentline"/>
</fontscolors>
