<?xml version="1.0" encoding="UTF-8"?>
<!DOCTYPE fontscolors PUBLIC "-//NetBeans//DTD Editor Fonts and Colors settings 1.1//EN" "http://www.netbeans.org/dtds/EditorFontsColors-1_1.dtd">
<fontscolors>
    <fontcolor default="mark-occurrences" name="mark-occurrences"/>
    <fontcolor default="variable" name="equals"/>
    <fontcolor foreColor="ff969696" name="comment"/>
    <fontcolor default="markup-element" name="section"/>
    <fontcolor default="error" name="error"/>
    <fontcolor default="markup-element" name="section_delim"/>
    <fontcolor name="whitespace"/>
    <fontcolor default="default" name="value"/>
    <fontcolor default="markup-attribute" name="key"/>
</fontscolors>
