<?xml version="1.0" encoding="UTF-8"?>
<!DOCTYPE platform PUBLIC "-//NetBeans//DTD Java PlatformDefinition 1.0//EN" "http://www.netbeans.org/dtds/java-platformdefinition-1_0.dtd">
<platform default="no" name="JDK 1.8_144">
    <jdkhome>
        <resource>file:/D:/Java/jdk1.8.0_144/</resource>
    </jdkhome>
    <properties>
        <property name="platform.ant.name" value="JDK_1.8_144"/>
    </properties>
    <sysproperties>
        <property name="awt.toolkit" value="sun.awt.windows.WToolkit"/>
        <property name="file.encoding" value="Cp1252"/>
        <property name="file.encoding.pkg" value="sun.io"/>
        <property name="file.separator" value="\"/>
        <property name="java.awt.graphicsenv" value="sun.awt.Win32GraphicsEnvironment"/>
        <property name="java.awt.printerjob" value="sun.awt.windows.WPrinterJob"/>
        <property name="java.class.path" value=""/>
        <property name="java.class.version" value="52.0"/>
        <property name="java.endorsed.dirs" value="D:\Java\jdk1.8.0_144\jre\lib\endorsed"/>
        <property name="java.ext.dirs" value="D:\Java\jdk1.8.0_144\jre\lib\ext;C:\WINDOWS\Sun\Java\lib\ext"/>
        <property name="java.home" value="D:\Java\jdk1.8.0_144\jre"/>
        <property name="java.io.tmpdir" value="C:\Users\Almarean\AppData\Local\Temp\"/>
        <property name="java.library.path" value="D:\Java\jdk1.8.0_144\bin;C:\WINDOWS\Sun\Java\bin;C:\WINDOWS\system32;C:\WINDOWS;C:\ProgramData\Oracle\Java\javapath;C:\Windows\system32;C:\Windows;C:\Windows\System32\Wbem;C:\Windows\System32\WindowsPowerShell\v1.0\;D:\Skype\Phone\;C:\Program Files\Microsoft SQL Server\130\Tools\Binn\;C:\Program Files (x86)\NVIDIA Corporation\PhysX\Common;C:\Program Files\dotnet\;C:\WINDOWS\system32;C:\WINDOWS;C:\WINDOWS\System32\Wbem;C:\WINDOWS\System32\WindowsPowerShell\v1.0\;C:\Program Files\Intel\WiFi\bin\;C:\Program Files\Common Files\Intel\WirelessCommon\;D:\PuTTY\;D:\GNU\GnuPG\pub;C:\Users\Almarean\AppData\Local\Programs\Python\Launcher\;D:\Python36-32\Scripts\;D:\Python36-32\;D:\Git\bin;C:\Users\Almarean\AppData\Local\Microsoft\WindowsApps;C:\Users\Almarean\AppData\Local\atom\bin;C:\Users\Almarean\AppData\Local\Microsoft\WindowsApps;D:\Microsoft VS Code\bin;C:\Program Files\Intel\WiFi\bin\;C:\Program Files\Common Files\Intel\WirelessCommon\;."/>
        <property name="java.runtime.name" value="Java(TM) SE Runtime Environment"/>
        <property name="java.runtime.version" value="1.8.0_144-b01"/>
        <property name="java.specification.name" value="Java Platform API Specification"/>
        <property name="java.specification.vendor" value="Oracle Corporation"/>
        <property name="java.specification.version" value="1.8"/>
        <property name="java.vendor" value="Oracle Corporation"/>
        <property name="java.vendor.url" value="http://java.oracle.com/"/>
        <property name="java.vendor.url.bug" value="http://bugreport.sun.com/bugreport/"/>
        <property name="java.version" value="1.8.0_144"/>
        <property name="java.vm.info" value="mixed mode"/>
        <property name="java.vm.name" value="Java HotSpot(TM) 64-Bit Server VM"/>
        <property name="java.vm.specification.name" value="Java Virtual Machine Specification"/>
        <property name="java.vm.specification.vendor" value="Oracle Corporation"/>
        <property name="java.vm.specification.version" value="1.8"/>
        <property name="java.vm.vendor" value="Oracle Corporation"/>
        <property name="java.vm.version" value="25.144-b01"/>
        <property name="line.separator" value="&#13;&#10;"/>
        <property name="os.arch" value="amd64"/>
        <property name="os.name" value="Windows 10"/>
        <property name="os.version" value="10.0"/>
        <property name="path.separator" value=";"/>
        <property name="sun.arch.data.model" value="64"/>
        <property name="sun.boot.class.path" value="D:\Java\jdk1.8.0_144\jre\lib\resources.jar;D:\Java\jdk1.8.0_144\jre\lib\rt.jar;D:\Java\jdk1.8.0_144\jre\lib\sunrsasign.jar;D:\Java\jdk1.8.0_144\jre\lib\jsse.jar;D:\Java\jdk1.8.0_144\jre\lib\jce.jar;D:\Java\jdk1.8.0_144\jre\lib\charsets.jar;D:\Java\jdk1.8.0_144\jre\lib\jfr.jar;D:\Java\jdk1.8.0_144\jre\classes"/>
        <property name="sun.boot.library.path" value="D:\Java\jdk1.8.0_144\jre\bin"/>
        <property name="sun.cpu.endian" value="little"/>
        <property name="sun.cpu.isalist" value="amd64"/>
        <property name="sun.desktop" value="windows"/>
        <property name="sun.io.unicode.encoding" value="UnicodeLittle"/>
        <property name="sun.java.command" value="org.netbeans.modules.java.j2seplatform.wizard.SDKProbe C:\Users\Almarean\AppData\Local\Temp\nb-platformdetect6554691932095505632properties"/>
        <property name="sun.java.launcher" value="SUN_STANDARD"/>
        <property name="sun.jnu.encoding" value="Cp1252"/>
        <property name="sun.management.compiler" value="HotSpot 64-Bit Tiered Compilers"/>
        <property name="sun.os.patch.level" value=""/>
        <property name="user.country" value="FR"/>
        <property name="user.dir" value=""/>
        <property name="user.home" value="C:\Users\Almarean"/>
        <property name="user.language" value="fr"/>
        <property name="user.name" value="Almarean"/>
        <property name="user.script" value=""/>
        <property name="user.timezone" value="Europe/Paris"/>
        <property name="user.variant" value=""/>
    </sysproperties>
</platform>
