<?xml version="1.0" encoding="UTF-8"?>
<!DOCTYPE codetemplates PUBLIC "-//NetBeans//DTD Editor Code Templates settings 1.0//EN" "http://www.netbeans.org/dtds/EditorCodeTemplates-1_0.dtd">
<codetemplates>
    <codetemplate abbreviation="footer" xml:space="preserve">
        <code><![CDATA[<footer>${cursor}</footer>]]></code>
    </codetemplate>
    <codetemplate abbreviation="legend" xml:space="preserve">
        <code><![CDATA[<legend>${cursor}</legend>]]></code>
    </codetemplate>
    <codetemplate abbreviation="link" xml:space="preserve">
        <code><![CDATA[<link rel="stylesheet" href="${url}" />]]></code>
    </codetemplate>
    <codetemplate abbreviation="fieldset" xml:space="preserve">
        <code><![CDATA[<fieldset>${cursor}</fieldset>]]></code>
    </codetemplate>
    <codetemplate abbreviation="h1" xml:space="preserve">
        <code><![CDATA[<h1>${cursor}</h1>]]></code>
    </codetemplate>
    <codetemplate abbreviation="h2" xml:space="preserve">
        <code><![CDATA[<h2>${cursor}</h2>]]></code>
    </codetemplate>
    <codetemplate abbreviation="h3" xml:space="preserve">
        <code><![CDATA[<h3>${cursor}</h3>]]></code>
    </codetemplate>
    <codetemplate abbreviation="h4" xml:space="preserve">
        <code><![CDATA[<h4>${cursor}</h4>]]></code>
    </codetemplate>
    <codetemplate abbreviation="bo" xml:space="preserve">
        <code><![CDATA[<body>
  ${cursor}
</body>]]></code>
    </codetemplate>
    <codetemplate abbreviation="h5" xml:space="preserve">
        <code><![CDATA[<h5>${cursor}</h5>]]></code>
    </codetemplate>
    <codetemplate abbreviation="br" xml:space="preserve">
        <code><![CDATA[<br />
${cursor}]]></code>
    </codetemplate>
    <codetemplate abbreviation="div" xml:space="preserve">
        <code><![CDATA[<div>${cursor}</div>]]></code>
    </codetemplate>
    <codetemplate abbreviation="tab" xml:space="preserve">
        <code><![CDATA[<table>
  <tr>
    <th>${Header}</th>
    <th>${Header2}</th>
  </tr>
  <tr>
    <td>${Cell}</td>
    <td>${Cell}</td>
  </tr>
  <tr>
    <td>${Cell}</td>
    <td>${Cell}</td>
  </tr>
    ${cursor}
</table>]]></code>
    </codetemplate>
    <codetemplate abbreviation="ul" xml:space="preserve">
        <code><![CDATA[<ul>
  <li>${first}</li>
  <li>${second}</li>
  <li>${third}</li>
  ${cursor}
</ul>
]]></code>
    </codetemplate>
    <codetemplate abbreviation="html" xml:space="preserve">
        <code><![CDATA[<html>
  <head>
    <meta charset="UTF-8" />
    <meta name="author" content="" />
    <meta name="description" content="" />
    <title>${title}</title>
  </head>
  <body>
    ${cursor}
  </body>
</html>
]]></code>
    </codetemplate>
    <codetemplate abbreviation="ol" xml:space="preserve">
        <code><![CDATA[<ol>
  <li>${first}</li>
  <li>${second}</li>
  <li>${third}</li>
  ${cursor}
</ol>
]]></code>
    </codetemplate>
    <codetemplate abbreviation="a" xml:space="preserve">
        <code><![CDATA[<a>${cursor}</a>]]></code>
    </codetemplate>
    <codetemplate abbreviation="script" xml:space="preserve">
        <code><![CDATA[<script src="${link}">${cursor}</script>]]></code>
    </codetemplate>
    <codetemplate abbreviation="p" xml:space="preserve">
        <code><![CDATA[<p>${cursor}</p>]]></code>
    </codetemplate>
    <codetemplate abbreviation="form" xml:space="preserve">
        <code><![CDATA[<form action="${action}">${cursor}
  <fieldset>
    <legend></legend>
  </fieldset>
</form>]]></code>
    </codetemplate>
    <codetemplate abbreviation="meta" xml:space="preserve">
        <code><![CDATA[<meta ${cursor} />]]></code>
    </codetemplate>
    <codetemplate abbreviation="metachar" xml:space="preserve">
        <code><![CDATA[<meta charset="UTF-8" />]]></code>
    </codetemplate>
    <codetemplate abbreviation="doc" xml:space="preserve">
        <code><![CDATA[<!doctype html>
<html lang="fr-Fr">
  <head>
    <meta charset="UTF-8" />
    <meta name="author" content="" />
    <meta name="description" content="" />
    <title>${title}</title>
  </head>
  <body>
    ${cursor}
  </body>
</html>
]]></code>
    </codetemplate>
    <codetemplate abbreviation="he" xml:space="preserve">
        <code><![CDATA[<head>
  ${cursor}
</head>]]></code>
    </codetemplate>
    <codetemplate abbreviation="li" xml:space="preserve">
        <code><![CDATA[<li>${cursor}</li>]]></code>
    </codetemplate>
</codetemplates>
