<?xml version="1.0" encoding="UTF-8"?>
<!DOCTYPE codetemplates PUBLIC "-//NetBeans//DTD Editor Code Templates settings 1.0//EN" "http://www.netbeans.org/dtds/EditorCodeTemplates-1_0.dtd">
<codetemplates>
    <codetemplate abbreviation="for" xml:space="preserve">
        <code><![CDATA[for ($i = 0; $i < ${cursor}; $i++) {
    // ...
}]]></code>
    </codetemplate>
    <codetemplate abbreviation="if" contexts="php-code" uuid="org.netbeans.modules.php.editor.codetemplate.if" xml:space="preserve">
        <code><![CDATA[if (${CONDITION variableFromPreviousAssignment instanceof="boolean" default="true"}) {
    ${selection}${cursor}
} else {
    // TODO
}]]></code>
    </codetemplate>
</codetemplates>
