<?xml version="1.0" encoding="UTF-8"?>
<!DOCTYPE editor-preferences PUBLIC "-//NetBeans//DTD Editor Preferences 1.0//EN" "http://www.netbeans.org/dtds/EditorPreferences-1_0.dtd">
<editor-preferences>
    <entry javaType="java.lang.String" name="wrapArrayInit" xml:space="preserve">
        <value><![CDATA[WRAP_ALWAYS]]></value>
    </entry>
    <entry javaType="java.lang.String" name="wrapArrayInitItems" xml:space="preserve">
        <value><![CDATA[WRAP_ALWAYS]]></value>
    </entry>
    <entry javaType="java.lang.String" name="wrapObjects" xml:space="preserve">
        <value><![CDATA[WRAP_ALWAYS]]></value>
    </entry>
    <entry javaType="java.lang.String" name="wrapProperties" xml:space="preserve">
        <value><![CDATA[WRAP_ALWAYS]]></value>
    </entry>
</editor-preferences>
