<?xml version="1.0" encoding="UTF-8"?>
<!DOCTYPE fontscolors PUBLIC "-//NetBeans//DTD Editor Fonts and Colors settings 1.1//EN" "http://www.netbeans.org/dtds/EditorFontsColors-1_1.dtd">
<fontscolors>
    <fontcolor default="string" foreColor="orange" name="uris"/>
    <fontcolor foreColor="ffff3478" name="at_rule_symbol"/>
    <fontcolor foreColor="ff00a4a4" name="mod-custom3">
        <font style="italic"/>
    </fontcolor>
    <fontcolor default="string" foreColor="orange" name="strings"/>
    <fontcolor default="identifier" foreColor="ffff3478" name="identifiers"/>
    <fontcolor default="number" foreColor="ff9866b8" name="numbers"/>
    <fontcolor default="number" foreColor="white" name="hashes"/>
    <fontcolor foreColor="ff64ff00" name="mod-class">
        <font style="italic"/>
    </fontcolor>
    <fontcolor foreColor="ff64ff00" name="mod-method"/>
</fontscolors>
